zipcode,state,totalValidRegistrations,ihpReferrals,ihpEligible,ihpAmount,FIP_disaster_count,average_project,approved_rate
00000,LA,11.0,10.0,6.0,19475.4,370,3245.9,0.5454545454545454
00115,LA,1.0,1.0,1.0,500.0,35,500.0,1.0
05508,LA,1.0,1.0,1.0,2000.0,40,2000.0,1.0
06241,LA,1.0,1.0,1.0,533.26,63,533.26,1.0
07764,LA,1.0,1.0,1.0,500.0,44,500.0,1.0
10068,LA,1.0,1.0,1.0,500.0,43,500.0,1.0
10083,LA,1.0,1.0,1.0,500.0,41,500.0,1.0
10087,LA,1.0,1.0,1.0,500.0,48,500.0,1.0
10427,LA,1.0,1.0,1.0,500.0,38,500.0,1.0
10707,LA,1.0,1.0,1.0,500.0,44,500.0,1.0
11170,LA,1.0,1.0,1.0,8975.0,46,8975.0,1.0
13020,LA,1.0,1.0,1.0,500.0,49,500.0,1.0
13106,LA,1.0,1.0,1.0,2000.0,41,2000.0,1.0
15854,LA,1.0,1.0,1.0,2000.0,46,2000.0,1.0
20031,LA,1.0,1.0,1.0,7797.2,48,7797.2,1.0
20127,LA,1.0,1.0,1.0,19978.57,35,19978.57,1.0
20158,LA,1.0,1.0,1.0,500.0,46,500.0,1.0
20341,LA,1.0,1.0,1.0,2000.0,49,2000.0,1.0
22051,LA,2.0,2.0,1.0,2000.0,46,2000.0,0.5
22422,LA,1.0,1.0,1.0,2000.0,35,2000.0,1.0
23219,LA,1.0,1.0,1.0,4612.4,33,4612.4,1.0
23413,LA,1.0,1.0,1.0,5079.89,46,5079.89,1.0
23547,LA,1.0,1.0,1.0,2000.0,40,2000.0,1.0
25778,LA,1.0,1.0,1.0,2000.0,38,2000.0,1.0
25846,LA,1.0,1.0,1.0,2000.0,40,2000.0,1.0
28507,LA,1.0,1.0,1.0,937.44,49,937.44,1.0
30085,LA,1.0,1.0,1.0,2000.0,38,2000.0,1.0
30152,LA,1.0,1.0,1.0,11071.89,46,11071.89,1.0
30241,LA,1.0,1.0,1.0,500.0,35,500.0,1.0
31903,LA,1.0,1.0,1.0,500.0,63,500.0,1.0
32459,LA,1.0,1.0,1.0,3420.33,49,3420.33,1.0
32806,LA,1.0,1.0,1.0,13002.88,46,13002.88,1.0
33899,LA,1.0,1.0,1.0,2000.0,40,2000.0,1.0
35318,LA,1.0,1.0,1.0,9558.0,46,9558.0,1.0
35376,LA,1.0,1.0,1.0,2000.0,46,2000.0,1.0
36058,LA,1.0,1.0,1.0,2000.0,35,2000.0,1.0
36592,LA,1.0,1.0,1.0,2000.0,40,2000.0,1.0
39556,LA,1.0,1.0,1.0,4358.0,46,4358.0,1.0
39571,LA,1.0,1.0,1.0,2000.0,35,2000.0,1.0
39648,LA,1.0,1.0,1.0,2000.0,45,2000.0,1.0
39758,LA,1.0,1.0,1.0,6092.0,46,6092.0,1.0
40119,LA,1.0,1.0,1.0,1561.0,35,1561.0,1.0
40403,LA,1.0,1.0,1.0,800.0,45,800.0,1.0
40444,LA,1.0,1.0,1.0,1391.0,45,1391.0,1.0
40454,LA,2.0,2.0,1.0,500.0,45,500.0,0.5
40460,LA,1.0,1.0,1.0,4416.67,46,4416.67,1.0
40471,LA,1.0,1.0,1.0,1300.0,46,1300.0,1.0
40721,LA,1.0,1.0,1.0,24462.49,45,24462.49,1.0
40758,LA,1.0,1.0,1.0,4358.0,46,4358.0,1.0
41053,LA,1.0,1.0,1.0,1780.97,45,1780.97,1.0
44281,LA,1.0,1.0,1.0,2000.0,40,2000.0,1.0
46037,LA,1.0,1.0,1.0,3318.0,45,3318.0,1.0
50412,LA,1.0,1.0,1.0,2000.0,35,2000.0,1.0
50508,LA,1.0,1.0,1.0,9000.0,41,9000.0,1.0
52583,LA,1.0,1.0,1.0,2000.0,46,2000.0,1.0
61552,LA,1.0,1.0,1.0,30600.0,40,30600.0,1.0
69055,LA,1.0,1.0,1.0,4358.0,46,4358.0,1.0
70000,LA,6.0,5.0,5.0,23931.19,138,4786.237999999999,0.8333333333333334
70001,LA,52768.0,46493.0,32996.0,129588614.46000002,860,3927.4037598496793,0.6253032140691328
70002,LA,24815.0,22035.0,16002.0,69772391.43,662,4360.229435695538,0.6448519040902679
70003,LA,49795.0,45176.0,31027.0,111945927.19,571,3608.01647565024,0.623094688221709
70004,LA,34.0,29.0,16.0,80333.64,81,5020.8525,0.47058823529411764
70005,LA,29309.0,26325.0,19267.0,68856947.02,547,3573.8281528001244,0.6573748677880514
70006,LA,20283.0,18350.0,13305.0,61702723.309999995,716,4637.559061255167,0.6559680520633042
70007,LA,4.0,4.0,2.0,8716.0,129,4358.0,0.5
70008,LA,3.0,3.0,1.0,4358.0,126,4358.0,0.3333333333333333
70009,LA,27.0,24.0,17.0,73319.36,122,4312.903529411765,0.6296296296296297
70010,LA,9.0,9.0,6.0,24327.0,81,4054.5,0.6666666666666666
70011,LA,19.0,16.0,10.0,24716.0,118,2471.6,0.5263157894736842
70012,LA,16.0,10.0,8.0,45230.81,171,5653.85125,0.5
70013,LA,10.0,10.0,7.0,53227.25,169,7603.892857142857,0.7
70014,LA,17.0,15.0,11.0,34798.0,121,3163.4545454545455,0.6470588235294118
70015,LA,10.0,10.0,8.0,29616.0,71,3702.0,0.8
70016,LA,10.0,7.0,5.0,35189.25,119,7037.85,0.5
70017,LA,15.0,15.0,10.0,30600.32,228,3060.032,0.6666666666666666
70018,LA,7.0,7.0,4.0,8889.0,75,2222.25,0.5714285714285714
70019,LA,26.0,23.0,13.0,129113.2,162,9931.784615384615,0.5
70020,LA,1.0,1.0,1.0,4358.0,46,4358.0,1.0
70021,LA,3.0,3.0,3.0,29931.73,81,9977.243333333334,1.0
70022,LA,3.0,3.0,1.0,4358.0,81,4358.0,0.3333333333333333
70023,LA,3.0,3.0,1.0,3858.0,153,3858.0,0.3333333333333333
70025,LA,1.0,1.0,1.0,4358.0,35,4358.0,1.0
70026,LA,6.0,6.0,4.0,24608.02,121,6152.005,0.6666666666666666
70028,LA,1.0,1.0,1.0,2000.0,46,2000.0,1.0
70029,LA,1.0,1.0,1.0,2358.0,35,2358.0,1.0
70030,LA,4707.0,4383.0,2688.0,9483422.78,393,3528.059069940476,0.5710643722115998
70031,LA,1659.0,1505.0,1014.0,3200172.5999999996,170,3155.9887573964493,0.6112115732368897
70032,LA,8781.0,8166.0,5957.0,44565537.989999995,262,7481.204967265401,0.678396537979729
70033,LA,3.0,3.0,1.0,4358.0,46,4358.0,0.3333333333333333
70034,LA,5.0,4.0,4.0,20563.42,183,5140.855,0.8
70036,LA,2633.0,2400.0,1438.0,7547365.329999999,176,5248.515528511822,0.5461450816559058
70037,LA,17346.0,15526.0,9914.0,34852421.239999995,453,3515.475210812991,0.5715438717860025
70038,LA,1838.0,1710.0,1080.0,11174755.969999999,260,10346.996268518518,0.5875952121871599
70039,LA,3677.0,3303.0,2047.0,7589328.57,260,3707.537161700049,0.5567038346478107
70040,LA,3628.0,3343.0,2255.0,18677554.59,341,8282.72930820399,0.6215545755237045
70041,LA,7664.0,7144.0,4737.0,38600567.480000004,520,8148.737065653368,0.6180845511482255
70042,LA,18.0,18.0,10.0,74441.06,131,7444.106,0.5555555555555556
70043,LA,34393.0,31792.0,23120.0,183248624.84,940,7925.978583044983,0.6722298142063792
70044,LA,18.0,14.0,9.0,68400.95,130,7600.105555555555,0.5
70045,LA,5.0,4.0,3.0,25370.79,125,8456.93,0.6
70046,LA,44.0,39.0,26.0,251344.0,85,9667.076923076924,0.5909090909090909
70047,LA,12563.0,11421.0,6991.0,15190634.219999999,380,2172.884311257331,0.5564753641646104
70048,LA,5.0,5.0,1.0,4358.0,165,4358.0,0.2
70049,LA,3624.0,3351.0,1960.0,9562272.92,245,4878.710673469388,0.5408388520971302
70050,LA,1532.0,1406.0,938.0,10716062.29,207,11424.373443496801,0.6122715404699739
70051,LA,2717.0,2500.0,1338.0,4963980.7,176,3710.000523168909,0.4924549135075451
70052,LA,3269.0,3027.0,1531.0,4942389.0,442,3228.209666884389,0.4683389415723463
70053,LA,24269.0,21445.0,13798.0,54765739.199999996,631,3969.107058994057,0.5685442333841526
70054,LA,59.0,52.0,28.0,136367.83000000002,127,4870.279642857144,0.4745762711864407
70055,LA,12.0,12.0,7.0,30040.09,81,4291.441428571428,0.5833333333333334
70056,LA,55315.0,49073.0,31573.0,136681249.93,942,4329.054886453616,0.5707855012202838
70057,LA,5111.0,4669.0,2850.0,10198968.84,257,3578.5855578947367,0.5576208178438662
70058,LA,62577.0,56261.0,34540.0,147583142.39999998,1156,4272.818251302837,0.5519599852981127
70059,LA,45.0,40.0,24.0,122646.87,94,5110.28625,0.5333333333333333
70060,LA,13.0,10.0,4.0,10511.0,137,2627.75,0.3076923076923077
70061,LA,3.0,3.0,1.0,500.0,124,500.0,0.3333333333333333
70062,LA,25771.0,22961.0,14791.0,64515978.65,769,4361.840217023866,0.5739396996624112
70063,LA,56.0,47.0,30.0,167299.94,218,5576.664666666667,0.5357142857142857
70064,LA,45.0,41.0,25.0,132108.86,203,5284.354399999999,0.5555555555555556
70065,LA,66323.0,59510.0,40458.0,174894703.04,787,4322.870706411587,0.6100146253939056
70066,LA,30.0,29.0,15.0,64387.77,94,4292.518,0.5
70067,LA,6915.0,6412.0,4027.0,21653944.55,287,5377.190104296003,0.5823571945046999
70068,LA,44795.0,40707.0,23097.0,87329140.74,672,3780.9733186128065,0.515615582096216
70069,LA,51.0,44.0,25.0,134465.28999999998,169,5378.611599999999,0.49019607843137253
70070,LA,12263.0,11194.0,7112.0,14916994.889999999,301,2097.4402263779525,0.5799559650982631
70071,LA,3423.0,3162.0,1668.0,5061206.5600000005,294,3034.2964988009594,0.48729184925503943
70072,LA,81034.0,72841.0,45515.0,177768510.57999998,1035,3905.7126349555087,0.5616778142508083
70073,LA,25.0,18.0,15.0,99722.53,46,6648.1686666666665,0.6
70074,LA,5.0,5.0,4.0,9443.22,134,2360.805,0.8
70075,LA,8382.0,7881.0,5522.0,39590700.879999995,500,7169.6307279971015,0.6587926509186351
70076,LA,584.0,544.0,296.0,1310621.28,222,4427.774594594594,0.5068493150684932
70078,LA,590.0,525.0,263.0,855506.15,183,3252.8750950570343,0.4457627118644068
70079,LA,3190.0,2897.0,1769.0,3857092.3000000003,267,2180.38004522329,0.5545454545454546
70080,LA,1687.0,1506.0,946.0,2895113.41,172,3060.373583509514,0.5607587433313574
70081,LA,40.0,31.0,23.0,128152.17,89,5571.83347826087,0.575
70082,LA,1150.0,1063.0,682.0,7014364.159999999,167,10284.991436950146,0.5930434782608696
70083,LA,7281.0,6770.0,4399.0,40574236.72,480,9223.513689474881,0.6041752506523829
70084,LA,9035.0,8185.0,4402.0,17342775.63,300,3939.749120854157,0.4872163807415606
70085,LA,8560.0,7789.0,5539.0,52397042.440000005,498,9459.657418306555,0.6470794392523365
70086,LA,2249.0,2095.0,1267.0,4710696.250000001,316,3717.99230465667,0.5633614939973322
70087,LA,9385.0,8358.0,5038.0,14061373.37,403,2791.062598253275,0.5368140649973362
70089,LA,1.0,1.0,1.0,3098.0,43,3098.0,1.0
70090,LA,7372.0,6920.0,3903.0,12141575.55,500,3110.8315526518063,0.5294357026587087
70091,LA,1069.0,931.0,600.0,5148430.53,306,8580.717550000001,0.5612722170252572
70092,LA,13427.0,12428.0,8405.0,75516666.12,451,8984.731245687091,0.6259775080062561
70093,LA,5.0,5.0,2.0,36166.22,160,18083.11,0.4
70094,LA,47433.0,42520.0,26086.0,99460889.30000001,745,3812.807226098291,0.5499546729070478
70095,LA,2.0,2.0,2.0,11750.59,90,5875.295,1.0
70096,LA,27.0,24.0,12.0,94708.12,81,7892.343333333333,0.4444444444444444
70097,LA,3.0,3.0,2.0,1000.0,87,500.0,0.6666666666666666
70101,LA,3.0,3.0,2.0,4000.0,81,2000.0,0.6666666666666666
70102,LA,1.0,1.0,1.0,2000.0,35,2000.0,1.0
70108,LA,1.0,1.0,1.0,17733.94,35,17733.94,1.0
70110,LA,6.0,5.0,5.0,22421.030000000002,84,4484.206,0.8333333333333334
70111,LA,4.0,2.0,2.0,7653.0,35,3826.5,0.5
70112,LA,9443.0,8302.0,5939.0,40661721.35,872,6846.560254251558,0.6289314836386741
70113,LA,17105.0,15267.0,10592.0,73474835.92,689,6936.823632930514,0.6192341420637241
70114,LA,39877.0,35473.0,23670.0,120993072.51,1096,5111.663392902408,0.5935752438749153
70115,LA,47518.0,42892.0,31127.0,176629982.89999998,1114,5674.494262216082,0.655057031019824
70116,LA,23639.0,21227.0,15091.0,105473777.9,654,6989.184142866609,0.6383941791107914
70117,LA,69038.0,63368.0,44565.0,443666404.42,1257,9955.489833277235,0.6455140647179815
70118,LA,48147.0,43241.0,30437.0,202407450.42,906,6650.04601044781,0.6321681517020791
70119,LA,65956.0,59287.0,42091.0,359699477.49,1110,8545.757465729015,0.63816786948875
70120,LA,1.0,1.0,1.0,500.0,35,500.0,1.0
70121,LA,18386.0,16320.0,10800.0,42951528.09,337,3976.993341666667,0.587403459153704
70122,LA,62360.0,56874.0,40392.0,345431408.47,970,8551.975848435335,0.6477228992944195
70123,LA,33381.0,29667.0,20687.0,62924708.830000006,748,3041.751284864891,0.6197237949731883
70124,LA,25553.0,23726.0,17988.0,113644416.59999998,534,6317.790560373581,0.7039486557351388
70125,LA,30745.0,27992.0,19911.0,174380685.80999997,796,8758.007423534727,0.6476174987802895
70126,LA,56088.0,51308.0,36030.0,339866241.01,1044,9432.868193449902,0.6423833975181857
70127,LA,44210.0,40286.0,27429.0,246492877.15,856,8986.579064129206,0.6204252431576567
70128,LA,29580.0,27013.0,18276.0,141821954.87,563,7760.010662617641,0.6178498985801217
70129,LA,17017.0,15512.0,10516.0,91940252.10000001,627,8742.891983643973,0.6179702650290886
70130,LA,22638.0,19647.0,14395.0,56937824.910000004,812,3955.3890177144845,0.6358777277144624
70131,LA,37533.0,33262.0,22005.0,94314814.21,691,4286.062904339922,0.5862840700183838
70132,LA,7.0,7.0,7.0,44574.45,121,6367.778571428571,1.0
70133,LA,1.0,1.0,1.0,1861.0,35,1861.0,1.0
70134,LA,3.0,3.0,1.0,2000.0,76,2000.0,0.3333333333333333
70135,LA,2.0,1.0,1.0,1561.0,35,1561.0,0.5
70136,LA,2.0,1.0,1.0,4358.0,35,4358.0,0.5
70137,LA,4.0,3.0,3.0,5122.0,185,1707.3333333333333,0.75
70138,LA,2.0,2.0,1.0,4688.9,35,4688.9,0.5
70139,LA,44.0,36.0,23.0,49226.0,35,2140.2608695652175,0.5227272727272727
70140,LA,32.0,31.0,18.0,62500.64,35,3472.257777777778,0.5625
70141,LA,10.0,9.0,6.0,19431.28,127,3238.5466666666666,0.6
70142,LA,96.0,65.0,47.0,192213.74,121,4089.654042553191,0.4895833333333333
70143,LA,50.0,38.0,26.0,93510.56,76,3596.56,0.52
70144,LA,2.0,1.0,1.0,2000.0,35,2000.0,0.5
70145,LA,11.0,7.0,4.0,10358.0,79,2589.5,0.36363636363636365
70146,LA,49.0,37.0,28.0,142157.02000000002,155,5077.0364285714295,0.5714285714285714
70147,LA,2.0,2.0,2.0,714.7,46,357.35,1.0
70148,LA,1472.0,1304.0,996.0,4864614.78,382,4884.151385542169,0.6766304347826086
70150,LA,10.0,6.0,4.0,23980.55,35,5995.1375,0.4
70151,LA,7.0,6.0,2.0,13100.13,35,6550.065,0.2857142857142857
70152,LA,9.0,7.0,3.0,6358.0,81,2119.3333333333335,0.3333333333333333
70153,LA,15.0,13.0,10.0,58981.71,35,5898.171,0.6666666666666666
70154,LA,8.0,6.0,4.0,14716.0,35,3679.0,0.5
70155,LA,1.0,1.0,1.0,4358.0,35,4358.0,1.0
70156,LA,17.0,13.0,7.0,39672.23,81,5667.461428571429,0.4117647058823529
70158,LA,15.0,14.0,13.0,33859.600000000006,35,2604.584615384616,0.8666666666666667
70159,LA,7.0,7.0,5.0,27164.95,35,5432.99,0.7142857142857143
70160,LA,25.0,20.0,14.0,63929.44,121,4566.388571428572,0.56
70161,LA,19.0,19.0,11.0,34296.13,35,3117.83,0.5789473684210527
70162,LA,54.0,52.0,32.0,226069.4,81,7064.66875,0.5925925925925926
70163,LA,19.0,14.0,8.0,20432.0,81,2554.0,0.42105263157894735
70164,LA,15.0,13.0,9.0,53852.0,81,5983.555555555556,0.6
70165,LA,24.0,21.0,13.0,62501.19,81,4807.783846153847,0.5416666666666666
70166,LA,27.0,27.0,21.0,136243.42,75,6487.781904761905,0.7777777777777778
70167,LA,13.0,12.0,6.0,19074.0,35,3179.0,0.46153846153846156
70170,LA,16.0,13.0,8.0,16088.0,35,2011.0,0.5
70172,LA,9.0,9.0,8.0,39922.51,81,4990.31375,0.8888888888888888
70174,LA,8.0,6.0,3.0,8716.0,35,2905.3333333333335,0.375
70175,LA,11.0,8.0,3.0,33513.08,35,11171.026666666667,0.2727272727272727
70176,LA,4.0,4.0,4.0,13074.0,35,3268.5,1.0
70177,LA,19.0,17.0,12.0,93432.67,81,7786.055833333333,0.631578947368421
70178,LA,7.0,6.0,3.0,10744.0,35,3581.3333333333335,0.42857142857142855
70179,LA,11.0,10.0,6.0,35457.1,35,5909.516666666666,0.5454545454545454
70180,LA,1.0,1.0,1.0,500.0,44,500.0,1.0
70181,LA,16.0,15.0,10.0,35552.0,130,3555.2,0.625
70182,LA,11.0,11.0,7.0,59278.96,81,8468.422857142858,0.6363636363636364
70183,LA,2.0,2.0,1.0,2000.0,46,2000.0,0.5
70184,LA,4.0,3.0,1.0,2000.0,79,2000.0,0.25
70185,LA,9.0,9.0,6.0,24368.0,84,4061.3333333333335,0.6666666666666666
70186,LA,10.0,10.0,3.0,15919.84,35,5306.613333333334,0.3
70187,LA,6.0,5.0,3.0,11037.39,79,3679.1299999999997,0.5
70188,LA,1.0,1.0,1.0,2686.33,41,2686.33,1.0
70189,LA,10.0,9.0,4.0,24424.0,81,6106.0,0.4
70190,LA,10.0,9.0,6.0,21488.9,35,3581.4833333333336,0.6
70195,LA,7.0,7.0,4.0,8000.0,35,2000.0,0.5714285714285714
70199,LA,1.0,1.0,1.0,4358.0,35,4358.0,1.0
70204,LA,1.0,1.0,1.0,2000.0,40,2000.0,1.0
70205,LA,1.0,1.0,1.0,31932.37,35,31932.37,1.0
70211,LA,3.0,3.0,1.0,2000.0,75,2000.0,0.3333333333333333
70214,LA,1.0,1.0,1.0,4358.0,46,4358.0,1.0
70217,LA,2.0,1.0,1.0,2199.0,35,2199.0,0.5
70227,LA,1.0,1.0,1.0,500.0,35,500.0,1.0
70229,LA,1.0,1.0,1.0,28081.23,35,28081.23,1.0
70233,LA,1.0,1.0,1.0,2000.0,46,2000.0,1.0
70240,LA,1.0,1.0,1.0,2358.0,46,2358.0,1.0
70247,LA,4.0,2.0,1.0,8172.38,78,8172.38,0.25
70259,LA,1.0,1.0,1.0,1910.0,49,1910.0,1.0
70260,LA,2.0,2.0,2.0,4000.0,40,2000.0,1.0
70301,LA,35972.0,33141.0,19154.0,46962645.690000005,722,2451.845342487209,0.5324696986545091
70302,LA,30.0,26.0,13.0,55213.7,50,4247.207692307692,0.43333333333333335
70304,LA,5.0,5.0,2.0,6921.0,134,3460.5,0.4
70306,LA,1.0,1.0,1.0,799.0,49,799.0,1.0
70310,LA,108.0,71.0,25.0,48157.47,180,1926.2988,0.23148148148148148
70311,LA,2.0,2.0,2.0,5006.1,75,2503.05,1.0
70313,LA,3.0,3.0,1.0,1300.0,81,1300.0,0.3333333333333333
70314,LA,3.0,3.0,2.0,6433.04,135,3216.52,0.6666666666666666
70339,LA,2552.0,2298.0,934.0,2267866.9400000004,326,2428.1230620985016,0.365987460815047
70340,LA,553.0,509.0,232.0,774551.3699999999,140,3338.5834913793096,0.41952983725135623
70341,LA,3334.0,3155.0,1842.0,6064969.41,462,3292.6001140065146,0.55248950209958
70342,LA,2258.0,1979.0,827.0,1896326.07,85,2293.0182224909313,0.3662533215234721
70343,LA,4252.0,3947.0,2163.0,9559566.98,242,4419.587138233935,0.5087017873941675
70344,LA,9049.0,8344.0,5217.0,33644586.96,335,6449.029511213341,0.5765277931263123
70345,LA,9359.0,8760.0,4885.0,22625033.49,315,4631.531932446263,0.5219574740891121
70346,LA,9810.0,9111.0,4956.0,13963340.44,459,2817.4617514124293,0.5051987767584097
70347,LA,1.0,1.0,1.0,2000.0,46,2000.0,1.0
70348,LA,2.0,2.0,2.0,1000.0,50,500.0,1.0
70352,LA,96.0,84.0,41.0,53260.8,135,1299.0439024390244,0.4270833333333333
70353,LA,2801.0,2559.0,1714.0,12915312.29,224,7535.188033838973,0.611924312745448
70354,LA,4888.0,4585.0,2677.0,16340466.99,266,6104.022035861039,0.5476677577741408
70355,LA,762.0,707.0,395.0,1306854.89,90,3308.493392405063,0.5183727034120735
70356,LA,3234.0,3027.0,1685.0,6446628.650000001,296,3825.8923738872413,0.5210265924551639
70357,LA,3843.0,3497.0,2105.0,12691411.41,232,6029.174066508313,0.5477491543065314
70358,LA,3339.0,2809.0,1797.0,13620347.64,394,7579.492287145243,0.5381850853548967
70359,LA,8227.0,7654.0,4365.0,14182824.01,306,3249.215122565865,0.5305700741461042
70360,LA,21560.0,19763.0,10787.0,24054573.82,728,2229.9595642903496,0.5003246753246753
70361,LA,91.0,78.0,34.0,115907.65,136,3409.0485294117643,0.37362637362637363
70362,LA,2.0,2.0,2.0,17211.41,86,8605.705,1.0
70363,LA,30999.0,28579.0,16400.0,77280200.16000001,421,4712.207326829269,0.5290493241717474
70364,LA,26813.0,24356.0,13672.0,44295884.620000005,596,3239.8979388531307,0.509901913251035
70365,LA,2.0,1.0,1.0,5234.17,89,5234.17,0.5
70366,LA,2.0,2.0,2.0,4000.0,89,2000.0,1.0
70367,LA,2.0,2.0,1.0,500.0,94,500.0,0.5
70369,LA,1.0,1.0,1.0,2000.0,50,2000.0,1.0
70370,LA,1.0,1.0,1.0,500.0,50,500.0,1.0
70371,LA,1.0,1.0,1.0,2421.0,50,2421.0,1.0
70372,LA,2003.0,1882.0,1000.0,2418942.32,205,2418.9423199999997,0.49925112331502747
70373,LA,3256.0,3109.0,2249.0,12000102.950000001,50,5335.750533570476,0.6907248157248157
70374,LA,6902.0,6350.0,3443.0,11922100.05,243,3462.706956142899,0.4988409156766155
70375,LA,132.0,122.0,54.0,82589.18,91,1529.4292592592592,0.4090909090909091
70377,LA,5583.0,5200.0,3180.0,21035381.15,185,6614.899732704402,0.569586243954863
70378,LA,1.0,1.0,1.0,500.0,50,500.0,1.0
70380,LA,11810.0,10361.0,4297.0,10407031.45,569,2421.9295904119153,0.36384419983065197
70381,LA,44.0,38.0,16.0,49416.88,86,3088.555,0.36363636363636365
70388,LA,1.0,1.0,1.0,500.0,45,500.0,1.0
70390,LA,5752.0,5366.0,2985.0,9168758.39,453,3071.610850921273,0.5189499304589708
70391,LA,529.0,495.0,229.0,687591.85,46,3002.5844978165937,0.43289224952741023
70392,LA,4728.0,4189.0,1782.0,4497134.4399999995,144,2523.644466891133,0.3769035532994924
70393,LA,433.0,410.0,193.0,562267.86,90,2913.3049740932643,0.4457274826789838
70394,LA,13143.0,12297.0,6871.0,23666633.91,357,3444.423506039878,0.5227877957848285
70395,LA,3896.0,3631.0,1993.0,5116721.699999999,230,2567.346562970396,0.5115503080082136
70397,LA,1969.0,1799.0,1200.0,7481457.6,137,6234.548,0.6094464195022854
70398,LA,1.0,1.0,1.0,500.0,51,500.0,1.0
70401,LA,20756.0,18531.0,11123.0,28458666.289999995,734,2558.5423258113815,0.5358932356908845
70402,LA,275.0,201.0,74.0,154900.41,139,2093.248783783784,0.2690909090909091
70403,LA,27934.0,25489.0,15535.0,41567472.18,624,2675.730426778243,0.5561323118779982
70404,LA,116.0,107.0,53.0,150489.71,91,2839.4284905660375,0.45689655172413796
70405,LA,3.0,2.0,1.0,2000.0,129,2000.0,0.3333333333333333
70406,LA,4.0,3.0,1.0,2000.0,135,2000.0,0.25
70411,LA,3.0,3.0,1.0,8352.58,130,8352.58,0.3333333333333333
70416,LA,1.0,1.0,1.0,2000.0,40,2000.0,1.0
70417,LA,2.0,2.0,2.0,12922.5,46,6461.25,1.0
70418,LA,2.0,2.0,1.0,2000.0,75,2000.0,0.5
70420,LA,6478.0,5817.0,3744.0,10603367.070000002,385,2832.0959054487184,0.5779561593084285
70421,LA,257.0,223.0,152.0,1142635.09,134,7517.3361184210535,0.5914396887159533
70422,LA,15340.0,14287.0,8711.0,28349609.61,608,3254.4609815176213,0.5678617992177314
70424,LA,2.0,2.0,1.0,6834.08,83,6834.08,0.5
70426,LA,4410.0,4063.0,2532.0,7283875.96,359,2876.728262243286,0.5741496598639456
70427,LA,19327.0,17912.0,11387.0,30688935.15,548,2695.0851980328443,0.5891757644745692
70428,LA,1.0,1.0,1.0,5564.0,46,5564.0,1.0
70429,LA,19.0,17.0,14.0,39309.95,84,2807.8535714285713,0.7368421052631579
70430,LA,1.0,1.0,1.0,382.38,46,382.38,1.0
70431,LA,4228.0,3911.0,2502.0,7783424.38,119,3110.88104716227,0.5917691579943235
70432,LA,5.0,5.0,3.0,7577.88,169,2525.96,0.6
70433,LA,27530.0,24403.0,15419.0,40165166.34,617,2604.9138296906417,0.5600799128223756
70434,LA,173.0,154.0,102.0,363427.89,177,3563.018529411765,0.5895953757225434
70435,LA,14133.0,12865.0,8455.0,22863157.599999998,385,2704.099065641632,0.5982452416330574
70436,LA,825.0,803.0,440.0,1648615.0999999999,269,3746.8524999999995,0.5333333333333333
70437,LA,6833.0,6263.0,4167.0,12366696.760000002,459,2967.769800815935,0.6098346260793209
70438,LA,15187.0,14067.0,9074.0,23961562.62,517,2640.683559620895,0.5974846908540199
70440,LA,2.0,2.0,2.0,6006.97,95,3003.485,1.0
70441,LA,6577.0,6148.0,3525.0,11433284.02,297,3243.4848283687943,0.5359586437585525
70442,LA,300.0,274.0,180.0,395883.56,130,2199.353111111111,0.6
70443,LA,12536.0,11683.0,7272.0,29272528.75,428,4025.375240649065,0.580089342693044
70444,LA,10257.0,9604.0,5794.0,16723624.11,417,2886.3693665861233,0.5648825192551429
70445,LA,11288.0,10213.0,6748.0,27015151.81,290,4003.430914344991,0.5978029766123317
70446,LA,5081.0,4696.0,3049.0,7372544.330000001,204,2418.020442768121,0.6000787246604999
70447,LA,9258.0,8371.0,5167.0,11362318.31,449,2199.0165105477067,0.5581119032188377
70448,LA,21278.0,19014.0,11960.0,34751853.85,389,2905.673398829432,0.5620829025284331
70449,LA,4676.0,4180.0,2483.0,9838889.870000001,458,3962.500954490536,0.5310094097519247
70450,LA,2318.0,2163.0,1369.0,3520247.61,129,2571.4007377647918,0.590595340811044
70451,LA,986.0,934.0,565.0,1951083.26,124,3453.2447079646017,0.5730223123732252
70452,LA,10950.0,9842.0,6433.0,22002202.44,462,3420.2086802424997,0.5874885844748858
70453,LA,1056.0,980.0,552.0,1567125.52,216,2838.9955072463767,0.5227272727272727
70454,LA,26966.0,24520.0,15711.0,42283172.82,534,2691.3100897460376,0.5826225617444188
70455,LA,2389.0,2139.0,1444.0,5661459.31,136,3920.678192520775,0.6044370029300963
70456,LA,4084.0,3877.0,2258.0,8054872.890000001,344,3567.259915854739,0.5528893241919687
70457,LA,17.0,12.0,6.0,19469.6,91,3244.933333333333,0.35294117647058826
70458,LA,38795.0,35014.0,24091.0,117514562.79,940,4877.944576397826,0.6209820853202732
70459,LA,72.0,65.0,36.0,385058.45999999996,121,10696.068333333333,0.5
70460,LA,23984.0,21454.0,14190.0,66153173.870000005,659,4661.957284707541,0.5916444296197465
70461,LA,27582.0,25011.0,17103.0,91606749.43,567,5356.180168976203,0.6200783119425712
70462,LA,7905.0,7267.0,4558.0,20887308.02,305,4582.559899078543,0.5765970904490828
70463,LA,359.0,337.0,245.0,1110039.53,305,4530.773591836735,0.6824512534818942
70464,LA,283.0,271.0,179.0,787250.72,84,4398.048715083799,0.6325088339222615
70465,LA,1520.0,1460.0,905.0,4087234.04,166,4516.280707182321,0.5953947368421053
70466,LA,8761.0,8082.0,5023.0,15122421.25,309,3010.63532749353,0.5733363771258989
70467,LA,42.0,41.0,19.0,58032.38,124,3054.335789473684,0.4523809523809524
70468,LA,6.0,5.0,2.0,19394.04,127,9697.02,0.3333333333333333
70469,LA,23.0,21.0,12.0,63047.01,109,5253.9175000000005,0.5217391304347826
70470,LA,35.0,26.0,10.0,39164.4,92,3916.44,0.2857142857142857
70471,LA,16352.0,14404.0,8829.0,22745016.669999998,477,2576.1713297089136,0.5399339530332681
70472,LA,4.0,3.0,2.0,1320.0,129,660.0,0.5
70477,LA,1.0,1.0,1.0,10566.99,46,10566.99,1.0
70479,LA,1.0,1.0,1.0,10241.36,44,10241.36,1.0
70481,LA,1.0,1.0,1.0,2358.0,46,2358.0,1.0
70485,LA,2.0,2.0,1.0,1561.0,46,1561.0,0.5
70488,LA,1.0,1.0,1.0,2000.0,46,2000.0,1.0
70495,LA,3.0,3.0,1.0,2000.0,95,2000.0,0.3333333333333333
70497,LA,1.0,1.0,1.0,5743.94,46,5743.94,1.0
70501,LA,8472.0,7331.0,2441.0,6269386.42,497,2568.3680540761984,0.2881255901794145
70502,LA,31.0,22.0,8.0,26106.4,81,3263.3,0.25806451612903225
70503,LA,2224.0,1810.0,769.0,4703080.29,423,6115.839128738621,0.34577338129496404
70504,LA,54.0,34.0,5.0,13310.49,128,2662.098,0.09259259259259259
70505,LA,12.0,7.0,3.0,6106.3,85,2035.4333333333334,0.25
70506,LA,6145.0,4899.0,1870.0,8581913.34,560,4589.2584705882355,0.30431244914564687
70507,LA,3473.0,2988.0,1048.0,2968101.86,313,2832.1582633587786,0.30175640656492947
70508,LA,4666.0,3849.0,1899.0,12019834.719999999,519,6329.560147446024,0.4069867123874839
70509,LA,13.0,11.0,4.0,7644.719999999999,81,1911.1799999999998,0.3076923076923077
70510,LA,15399.0,12653.0,5793.0,23487617.3,679,4054.482530640428,0.3761932593025521
70511,LA,37.0,33.0,18.0,34158.619999999995,44,1897.7011111111108,0.4864864864864865
70512,LA,2363.0,2141.0,814.0,2156967.95,311,2649.8377764127767,0.34447735928903933
70513,LA,65.0,50.0,25.0,90027.70999999999,41,3601.1083999999996,0.38461538461538464
70514,LA,2117.0,1954.0,922.0,3258666.75,220,3534.345715835141,0.43552196504487484
70515,LA,1408.0,1139.0,400.0,940601.95,321,2351.504875,0.2840909090909091
70516,LA,561.0,493.0,208.0,753643.16,172,3623.2844230769233,0.37076648841354726
70517,LA,11236.0,10221.0,4452.0,11626285.58,501,2611.474748427673,0.39622641509433965
70518,LA,2520.0,2120.0,865.0,2905704.2,340,3359.1956069364164,0.34325396825396826
70519,LA,183.0,171.0,85.0,217371.51,92,2557.311882352941,0.4644808743169399
70520,LA,3798.0,3248.0,1025.0,3033332.3200000003,417,2959.348604878049,0.2698788836229595
70521,LA,53.0,42.0,16.0,36878.39,94,2304.899375,0.3018867924528302
70522,LA,313.0,275.0,103.0,376036.98,82,3650.8444660194173,0.329073482428115
70523,LA,592.0,541.0,209.0,725560.0,130,3471.5789473684213,0.3530405405405405
70524,LA,134.0,110.0,40.0,102593.42,33,2564.8355,0.29850746268656714
70525,LA,4430.0,3807.0,1403.0,4658803.86,205,3320.6014682822524,0.3167042889390519
70526,LA,11552.0,9893.0,4238.0,11006912.069999998,555,2597.1949197734775,0.3668628808864266
70527,LA,28.0,23.0,9.0,21745.98,40,2416.22,0.32142857142857145
70528,LA,2365.0,2022.0,1326.0,8447106.120000001,255,6370.366606334843,0.560676532769556
70529,LA,3071.0,2670.0,1088.0,4968319.87,325,4566.47046875,0.3542819928362097
70530,LA,2.0,2.0,1.0,4491.87,82,4491.87,0.5
70531,LA,646.0,539.0,226.0,665437.75,152,2944.4148230088495,0.3498452012383901
70532,LA,2358.0,2007.0,1011.0,2516184.66,111,2488.8077744807124,0.4287531806615776
70533,LA,5665.0,4804.0,2760.0,15472260.309999999,291,5605.891416666666,0.4872021182700794
70534,LA,559.0,483.0,253.0,783863.99,85,3098.2766403162054,0.4525939177101968
70535,LA,7039.0,5843.0,2061.0,6278851.0600000005,346,3046.507064531781,0.292797272339821
70536,LA,4.0,4.0,1.0,2552.12,81,2552.12,0.25
70537,LA,381.0,324.0,144.0,346613.06,40,2407.035138888889,0.3779527559055118
70538,LA,10718.0,9671.0,4440.0,14223264.88,616,3203.438036036036,0.41425639111774587
70540,LA,17.0,16.0,5.0,8720.49,89,1744.098,0.29411764705882354
70541,LA,385.0,333.0,119.0,328227.73000000004,43,2758.2162184873955,0.3090909090909091
70542,LA,2435.0,2077.0,1023.0,3081029.03,280,3011.7585826001955,0.42012320328542097
70543,LA,1878.0,1590.0,643.0,1667145.84,242,2592.761804043546,0.3423855165069223
70544,LA,7679.0,6951.0,2983.0,8027404.029999999,302,2691.0506302380154,0.3884620393280375
70546,LA,14027.0,11864.0,5628.0,13245033.0,424,2353.417377398721,0.40122620660155417
70548,LA,5477.0,4438.0,1911.0,7307886.400000001,334,3824.1163788592366,0.3489136388533869
70549,LA,3898.0,3298.0,1703.0,4519762.32,377,2654.0001879036995,0.43689071318624934
70550,LA,254.0,212.0,92.0,227088.18000000002,87,2468.349782608696,0.36220472440944884
70551,LA,149.0,136.0,42.0,119320.76,78,2840.970476190476,0.28187919463087246
70552,LA,540.0,484.0,187.0,488651.2,92,2613.1080213903742,0.34629629629629627
70554,LA,1778.0,1519.0,534.0,1335527.27,408,2500.987397003745,0.30033745781777277
70555,LA,2514.0,2191.0,909.0,5096448.2,321,5606.6536853685375,0.3615751789976134
70556,LA,576.0,486.0,232.0,561234.46,166,2419.114051724138,0.4027777777777778
70558,LA,78.0,64.0,27.0,117713.51,166,4359.75962962963,0.34615384615384615
70559,LA,1573.0,1338.0,616.0,2057817.49,259,3340.6128084415586,0.3916083916083916
70560,LA,27981.0,24679.0,10875.0,33955281.86,736,3122.324768735632,0.3886565883992709
70561,LA,3.0,3.0,2.0,4000.0,137,2000.0,0.6666666666666666
70562,LA,39.0,31.0,15.0,29925.18,41,1995.012,0.38461538461538464
70563,LA,6849.0,6122.0,2184.0,3559507.18,354,1629.81097985348,0.31887866841874724
70568,LA,2.0,1.0,1.0,4358.0,86,4358.0,0.5
70569,LA,127.0,109.0,52.0,265121.62,166,5098.492692307692,0.4094488188976378
70570,LA,19228.0,17185.0,6572.0,16047419.42,515,2441.786278149726,0.3417932182234242
70571,LA,27.0,22.0,9.0,18326.9,94,2036.3222222222223,0.3333333333333333
70575,LA,73.0,60.0,20.0,65491.78,95,3274.589,0.273972602739726
70576,LA,234.0,197.0,62.0,100772.13,33,1625.356935483871,0.26495726495726496
70577,LA,1907.0,1706.0,626.0,1648712.45,218,2633.7259584664534,0.3282642894598846
70578,LA,7153.0,6290.0,2587.0,8549382.01,480,3304.7475879396984,0.3616664336641968
70580,LA,37.0,34.0,6.0,12654.720000000001,33,2109.1200000000003,0.16216216216216217
70581,LA,786.0,673.0,360.0,874686.3300000001,83,2429.6842500000002,0.4580152671755725
70582,LA,8682.0,7954.0,3239.0,9305353.399999999,256,2872.9093547391167,0.37307072103202027
70583,LA,2456.0,2160.0,742.0,2466651.12,217,3324.327654986523,0.30211726384364823
70584,LA,1721.0,1477.0,474.0,1177082.37,242,2483.2961392405064,0.27542126670540384
70585,LA,141.0,127.0,57.0,164136.68,76,2879.590877192982,0.40425531914893614
70586,LA,6088.0,5285.0,1755.0,4813061.949999999,320,2742.485441595441,0.2882720105124836
70587,LA,2.0,2.0,1.0,95.6,79,95.6,0.5
70589,LA,1295.0,1162.0,443.0,1473303.77,244,3325.742144469526,0.3420849420849421
70591,LA,5087.0,4437.0,2334.0,6433264.48,327,2756.325826906598,0.45881659131118535
70592,LA,3979.0,3435.0,1612.0,11535618.94,395,7156.091153846153,0.4051269163106308
70595,LA,10.0,6.0,1.0,366.13,82,366.13,0.1
70596,LA,3.0,2.0,1.0,2000.0,85,2000.0,0.3333333333333333
70598,LA,4.0,2.0,1.0,2000.0,41,2000.0,0.25
70600,LA,2.0,2.0,1.0,1112.06,81,1112.06,0.5
70601,LA,63501.0,53917.0,31641.0,93839517.27999999,1065,2965.7570013589957,0.4982756177068078
70602,LA,91.0,75.0,42.0,96307.81999999999,158,2293.043333333333,0.46153846153846156
70605,LA,42016.0,37312.0,22244.0,57476275.489999995,723,2583.9001748786186,0.5294173648134044
70606,LA,90.0,78.0,50.0,149011.6,126,2980.232,0.5555555555555556
70607,LA,42401.0,36955.0,22484.0,76592433.79,810,3406.530590197474,0.530270512487913
70609,LA,765.0,684.0,587.0,1410455.1199999999,161,2402.819625212947,0.7673202614379085
70610,LA,2.0,1.0,1.0,6719.97,40,6719.97,0.5
70611,LA,21656.0,19177.0,11570.0,29750766.179999996,483,2571.371320656871,0.5342630217953453
70612,LA,19.0,17.0,14.0,39386.3,80,2813.307142857143,0.7368421052631579
70615,LA,20684.0,17751.0,10863.0,36804096.33,440,3388.0232283899472,0.5251885515374203
70616,LA,26.0,22.0,14.0,48581.770000000004,84,3470.1264285714287,0.5384615384615384
70617,LA,1.0,1.0,1.0,2000.0,51,2000.0,1.0
70619,LA,1.0,1.0,1.0,251.14,40,251.14,1.0
70629,LA,13.0,9.0,3.0,5141.14,40,1713.7133333333334,0.23076923076923078
70630,LA,1514.0,1374.0,847.0,3141366.86,208,3708.815655253837,0.559445178335535
70631,LA,4975.0,4310.0,2775.0,30416043.720000003,389,10960.736475675676,0.5577889447236181
70632,LA,1115.0,1021.0,752.0,7594633.4,77,10099.246542553192,0.6744394618834081
70633,LA,9040.0,7769.0,4691.0,13730027.299999999,152,2926.8870816457043,0.5189159292035398
70634,LA,18671.0,16121.0,8439.0,21424297.58,605,2538.724680649366,0.4519843607733919
70635,LA,2.0,2.0,1.0,3352.0,73,3352.0,0.5
70637,LA,621.0,546.0,300.0,1111204.92,150,3704.0164,0.4830917874396135
70638,LA,674.0,578.0,250.0,631382.09,198,2525.52836,0.37091988130563797
70639,LA,529.0,441.0,308.0,2313694.79,74,7511.996071428572,0.5822306238185255
70640,LA,525.0,450.0,243.0,745158.48,167,3066.495802469136,0.46285714285714286
70641,LA,4.0,4.0,2.0,4121.24,126,2060.62,0.5
70642,LA,4.0,3.0,2.0,4247.4,135,2123.7,0.5
70643,LA,804.0,704.0,538.0,5192418.81,153,9651.336078066914,0.6691542288557214
70644,LA,211.0,185.0,90.0,240990.96,113,2677.677333333333,0.4265402843601896
70645,LA,2502.0,2229.0,1578.0,12428317.889999999,117,7875.993593155893,0.6306954436450839
70646,LA,750.0,665.0,414.0,1413805.07,143,3414.9880917874398,0.552
70647,LA,10740.0,9568.0,5657.0,16608755.64,283,2935.96528902245,0.5267225325884544
70648,LA,5941.0,5084.0,2703.0,6616482.859999999,471,2447.8293969663337,0.4549739101161421
70650,LA,463.0,403.0,206.0,454393.19,121,2205.7921844660195,0.4449244060475162
70651,LA,327.0,290.0,181.0,468257.28,118,2587.0567955801107,0.5535168195718655
70652,LA,1989.0,1785.0,1070.0,3073990.31,199,2872.8881401869157,0.5379587732528909
70653,LA,2755.0,2346.0,1354.0,4525826.569999999,248,3342.5602437223038,0.49147005444646097
70654,LA,297.0,258.0,167.0,542818.13,113,3250.4079640718564,0.5622895622895623
70655,LA,2589.0,2205.0,1016.0,2705235.62,234,2662.6334842519686,0.39242950946311317
70656,LA,2550.0,2207.0,1177.0,3403404.33,324,2891.592463891249,0.4615686274509804
70657,LA,4721.0,4237.0,2598.0,8694571.58,357,3346.6403310238647,0.5503071383181529
70658,LA,878.0,794.0,439.0,1542961.38,207,3514.71840546697,0.5
70659,LA,768.0,648.0,352.0,880441.0800000001,159,2501.2530681818184,0.4583333333333333
70660,LA,1562.0,1383.0,830.0,2760738.3099999996,126,3326.1907349397584,0.5313700384122919
70661,LA,3114.0,2696.0,1726.0,7714884.289999999,80,4469.805498261877,0.5542710340398201
70662,LA,344.0,300.0,170.0,510389.63,118,3002.2919411764706,0.4941860465116279
70663,LA,33099.0,28707.0,17711.0,47032523.36,504,2655.5543650838463,0.5350916946131303
70664,LA,49.0,40.0,32.0,85195.14,118,2662.348125,0.6530612244897959
70665,LA,11942.0,10535.0,6252.0,19534241.689999998,286,3124.4788371721047,0.5235303969184392
70668,LA,8072.0,7036.0,4525.0,16916969.479999997,198,3738.55679116022,0.5605797819623389
70669,LA,12964.0,11313.0,7075.0,20237592.009999998,387,2860.437033215547,0.5457420549213206
70684,LA,1.0,1.0,1.0,2000.0,38,2000.0,1.0
70689,LA,1.0,1.0,1.0,3084.0,40,3084.0,1.0
70690,LA,1.0,1.0,1.0,8933.5,49,8933.5,1.0
70697,LA,1.0,1.0,1.0,2013.38,40,2013.38,1.0
70700,LA,1.0,1.0,1.0,2819.4,48,2819.4,1.0
70701,LA,2.0,2.0,2.0,13743.51,75,6871.755,1.0
70705,LA,6.0,4.0,3.0,22850.67,118,7616.889999999999,0.5
70706,LA,12099.0,10979.0,6140.0,26930175.200000003,453,4386.022019543974,0.5074799570212414
70707,LA,31.0,21.0,9.0,17763.53,107,1973.7255555555555,0.2903225806451613
70708,LA,3.0,3.0,2.0,2500.0,88,1250.0,0.6666666666666666
70710,LA,1664.0,1512.0,656.0,1113338.61,173,1697.1625152439026,0.3942307692307692
70711,LA,4782.0,4384.0,2863.0,13171297.16,256,4600.52293398533,0.5987034713508992
70712,LA,42.0,36.0,8.0,15674.89,41,1959.36125,0.19047619047619047
70714,LA,13730.0,12244.0,6096.0,31285746.12,457,5132.176200787402,0.4439912600145666
70715,LA,868.0,805.0,314.0,902012.49,206,2872.6512420382164,0.3617511520737327
70716,LA,22.0,19.0,7.0,15395.4,44,2199.342857142857,0.3181818181818182
70717,LA,10.0,8.0,4.0,5929.65,123,1482.4125,0.4
70718,LA,32.0,29.0,14.0,101191.35,197,7227.953571428572,0.4375
70719,LA,1953.0,1778.0,746.0,1484246.1600000001,238,1989.6061126005363,0.3819764464925755
70720,LA,5.0,4.0,2.0,2329.99,36,1164.995,0.4
70721,LA,617.0,562.0,335.0,968419.51,134,2890.8045074626866,0.5429497568881686
70722,LA,3852.0,3493.0,1836.0,6668354.729999999,241,3632.001486928104,0.4766355140186916
70723,LA,1776.0,1648.0,944.0,4009544.03,183,4247.398336864407,0.5315315315315315
70724,LA,2.0,2.0,2.0,28299.78,84,14149.89,1.0
70725,LA,1686.0,1576.0,851.0,2831279.5,232,3327.002937720329,0.5047449584816133
70726,LA,40325.0,35945.0,22011.0,141967467.31,899,6449.84177502158,0.5458400495970241
70727,LA,20.0,14.0,7.0,35391.65,130,5055.95,0.35
70728,LA,15.0,14.0,6.0,12184.56,112,2030.76,0.4
70729,LA,486.0,459.0,153.0,304959.18,118,1993.1972549019608,0.3148148148148148
70730,LA,1870.0,1690.0,791.0,1814932.23,165,2294.4781668773703,0.4229946524064171
70732,LA,478.0,454.0,160.0,418160.20999999996,44,2613.5013124999996,0.33472803347280333
70733,LA,1927.0,1749.0,1025.0,5963528.87,202,5818.076946341464,0.5319148936170213
70734,LA,3789.0,3430.0,1593.0,3389250.2300000004,237,2127.5895982423103,0.42042755344418054
70736,LA,242.0,229.0,81.0,227368.36,151,2807.0167901234568,0.3347107438016529
70737,LA,23468.0,21154.0,10644.0,23161937.07,527,2176.055718714769,0.4535537753536731
70738,LA,3.0,3.0,1.0,2000.0,101,2000.0,0.3333333333333333
70739,LA,7011.0,6442.0,4084.0,34242464.809999995,245,8384.540844760038,0.5825131935529881
70740,LA,632.0,586.0,268.0,543982.5499999999,44,2029.785634328358,0.4240506329113924
70743,LA,89.0,77.0,26.0,71687.88,41,2757.226153846154,0.29213483146067415
70744,LA,6295.0,5794.0,3783.0,19168922.089999996,419,5067.121884747554,0.6009531374106434
70747,LA,154.0,137.0,65.0,145651.29,68,2240.789076923077,0.42207792207792205
70748,LA,2267.0,2029.0,927.0,2116288.03,340,2282.9428586839263,0.40891045434494927
70749,LA,694.0,621.0,236.0,594653.01,177,2519.7161440677964,0.3400576368876081
70750,LA,645.0,590.0,228.0,690003.09,87,3026.329342105263,0.35348837209302325
70752,LA,248.0,230.0,62.0,132396.32,80,2135.4245161290323,0.25
70753,LA,687.0,652.0,288.0,759348.7000000001,204,2636.6274305555557,0.4192139737991266
70754,LA,8498.0,7711.0,4438.0,17048523.56,403,3841.4879585398826,0.5222405271828665
70755,LA,749.0,697.0,297.0,781692.69,88,2631.961919191919,0.3965287049399199
70756,LA,269.0,249.0,111.0,433878.61,142,3908.816306306306,0.41263940520446096
70757,LA,2120.0,1972.0,860.0,2253932.49,310,2620.8517325581397,0.4056603773584906
70758,LA,2.0,2.0,2.0,12697.69,49,6348.845,1.0
70759,LA,788.0,739.0,270.0,487583.25,79,1805.8638888888888,0.3426395939086294
70760,LA,4638.0,4263.0,1847.0,4221795.19,210,2285.758088792637,0.39823199655023717
70761,LA,503.0,445.0,233.0,541434.74,116,2323.7542489270386,0.46322067594433397
70762,LA,388.0,360.0,139.0,213923.15000000002,88,1539.0154676258994,0.3582474226804124
70763,LA,2512.0,2365.0,1268.0,2948504.36,203,2325.3188958990536,0.5047770700636943
70764,LA,11477.0,10678.0,4651.0,11673835.97,534,2509.9625822403787,0.40524527315500564
70765,LA,13.0,9.0,3.0,5028.389999999999,44,1676.1299999999999,0.23076923076923078
70767,LA,7590.0,6909.0,2764.0,5214896.17,326,1886.7207561505065,0.36416337285902506
70769,LA,20089.0,18305.0,8765.0,31080205.95,650,3545.9447746719907,0.43630842749763554
70770,LA,1352.0,1214.0,513.0,1432669.33,193,2792.7277387914232,0.37943786982248523
70772,LA,386.0,349.0,159.0,343586.19,126,2160.919433962264,0.4119170984455959
70773,LA,77.0,71.0,28.0,44778.28,93,1599.2242857142858,0.36363636363636365
70774,LA,8715.0,8017.0,5114.0,30531235.240000002,200,5970.12812671099,0.5868043602983362
70775,LA,3375.0,3019.0,1230.0,2939640.57,230,2389.951682926829,0.36444444444444446
70776,LA,2194.0,1968.0,1016.0,2678524.7699999996,243,2636.3432775590545,0.463081130355515
70777,LA,1998.0,1809.0,827.0,2931465.07,290,3544.6977871825875,0.4139139139139139
70778,LA,2190.0,2020.0,1096.0,3673091.53,282,3351.3608850364963,0.5004566210045662
70780,LA,858.0,815.0,372.0,1032375.95,90,2775.2041666666664,0.43356643356643354
70781,LA,8.0,8.0,5.0,8500.0,44,1700.0,0.625
70782,LA,61.0,53.0,28.0,98584.1,41,3520.8607142857145,0.45901639344262296
70783,LA,1016.0,907.0,349.0,769721.33,170,2205.5052435530083,0.343503937007874
70784,LA,85.0,72.0,34.0,124847.26,190,3671.9782352941174,0.4
70785,LA,13420.0,12004.0,6459.0,20816720.88,377,3222.9015141662794,0.48129657228017886
70786,LA,30.0,22.0,9.0,34953.41,49,3883.7122222222224,0.3
70787,LA,133.0,122.0,50.0,135589.46,85,2711.7891999999997,0.37593984962406013
70788,LA,3922.0,3643.0,1970.0,5017462.290000001,354,2546.9351725888328,0.5022947475777665
70789,LA,538.0,493.0,231.0,676715.6,121,2929.504761904762,0.42936802973977695
70791,LA,11987.0,10755.0,4808.0,18361444.110000003,528,3818.93596297837,0.40110119295903895
70792,LA,73.0,72.0,46.0,64339.05,85,1398.675,0.6301369863013698
70794,LA,1.0,1.0,1.0,1513.0,44,1513.0,1.0
70796,LA,1.0,1.0,1.0,2791.4,63,2791.4,1.0
70801,LA,84.0,66.0,24.0,42464.71000000001,166,1769.362916666667,0.2857142857142857
70802,LA,19982.0,17608.0,8243.0,16115101.229999999,565,1955.0043952444496,0.41252126914222803
70803,LA,70.0,53.0,13.0,23910.379999999997,85,1839.2599999999998,0.18571428571428572
70804,LA,16.0,14.0,4.0,8000.0,79,2000.0,0.25
70805,LA,30291.0,26773.0,13403.0,49199185.11000001,631,3670.759166604492,0.4424746624409891
70806,LA,15827.0,13155.0,5843.0,8630099.93,478,1476.998105425295,0.36917925064762747
70807,LA,12329.0,10893.0,5072.0,9687114.219999999,592,1909.919996056782,0.41138778489739636
70808,LA,9929.0,8566.0,3535.0,5966571.529999999,391,1687.8561612446956,0.356027797361265
70809,LA,9682.0,8179.0,3887.0,6413981.71,477,1650.1110650887574,0.40146663912414793
70810,LA,15763.0,13800.0,5293.0,8349583.920000001,569,1577.4766521821275,0.33578633508849837
70811,LA,11028.0,9852.0,4796.0,25202641.23,428,5254.929364053378,0.4348929996372869
70812,LA,11199.0,10053.0,5407.0,33173138.28,306,6135.22069169595,0.4828109652647558
70813,LA,139.0,83.0,17.0,30619.989999999998,160,1801.175882352941,0.1223021582733813
70814,LA,14976.0,13353.0,7716.0,76713502.78,467,9942.133589942976,0.5152243589743589
70815,LA,20084.0,17537.0,8990.0,43127479.769999996,717,4797.272499443826,0.44761999601672975
70816,LA,29209.0,24701.0,13473.0,68589068.39,763,5090.853439471536,0.4612619398130713
70817,LA,14267.0,12665.0,5931.0,18136434.539999995,440,3057.9049974709146,0.4157145861078012
70818,LA,5648.0,5082.0,3089.0,22922842.65,356,7420.797232113952,0.5469192634560907
70819,LA,5186.0,4669.0,3001.0,22209093.919999998,244,7400.564451849383,0.5786733513305052
70820,LA,6700.0,5569.0,2705.0,4125482.3400000003,537,1525.132103512015,0.40373134328358207
70821,LA,17.0,9.0,5.0,6216.52,94,1243.304,0.29411764705882354
70822,LA,7.0,4.0,1.0,2000.0,44,2000.0,0.14285714285714285
70825,LA,2.0,2.0,1.0,2000.0,44,2000.0,0.5
70826,LA,4.0,4.0,3.0,4750.0,93,1583.3333333333333,0.75
70830,LA,2.0,2.0,1.0,169.99,91,169.99,0.5
70835,LA,5.0,4.0,3.0,3229.0,93,1076.3333333333333,0.6
70836,LA,57.0,44.0,30.0,35850.4,44,1195.0133333333333,0.5263157894736842
70841,LA,2.0,1.0,1.0,2000.0,75,2000.0,0.5
70843,LA,1.0,1.0,1.0,500.0,44,500.0,1.0
70852,LA,2.0,2.0,1.0,2000.0,86,2000.0,0.5
70854,LA,2.0,2.0,2.0,5258.46,93,2629.23,1.0
70856,LA,1.0,1.0,1.0,1561.0,46,1561.0,1.0
70863,LA,1.0,1.0,1.0,2000.0,44,2000.0,1.0
70864,LA,1.0,1.0,1.0,2000.0,44,2000.0,1.0
70869,LA,1.0,1.0,1.0,500.0,63,500.0,1.0
70872,LA,1.0,1.0,1.0,2608.26,44,2608.26,1.0
70874,LA,8.0,5.0,3.0,37000.0,44,12333.333333333334,0.375
70875,LA,1.0,1.0,1.0,750.0,49,750.0,1.0
70880,LA,2.0,2.0,2.0,2533.26,85,1266.63,1.0
70882,LA,1.0,1.0,1.0,500.0,44,500.0,1.0
70883,LA,1.0,1.0,1.0,1861.0,41,1861.0,1.0
70884,LA,8.0,6.0,2.0,4000.0,44,2000.0,0.25
70893,LA,12.0,7.0,4.0,3300.0,44,825.0,0.3333333333333333
70895,LA,5.0,3.0,1.0,2608.26,44,2608.26,0.2
70896,LA,5.0,5.0,1.0,4358.0,85,4358.0,0.2
70904,LA,1.0,1.0,1.0,2358.0,35,2358.0,1.0
70911,LA,3.0,3.0,2.0,4000.0,79,2000.0,0.6666666666666666
70934,LA,3.0,2.0,1.0,500.0,50,500.0,0.3333333333333333
70954,LA,1.0,1.0,1.0,2000.0,46,2000.0,1.0
71001,LA,86.0,75.0,12.0,33674.86,136,2806.2383333333332,0.13953488372093023
71002,LA,19.0,12.0,8.0,56046.520000000004,39,7005.8150000000005,0.42105263157894735
71003,LA,9.0,8.0,3.0,7384.72,32,2461.5733333333333,0.3333333333333333
71004,LA,47.0,42.0,19.0,70322.76,33,3701.197894736842,0.40425531914893614
71006,LA,91.0,72.0,22.0,55597.9,136,2527.177272727273,0.24175824175824176
71007,LA,24.0,21.0,6.0,21592.01,68,3598.668333333333,0.25
71008,LA,13.0,11.0,3.0,11167.619999999999,77,3722.5399999999995,0.23076923076923078
71009,LA,4.0,4.0,1.0,2358.0,68,2358.0,0.25
71016,LA,33.0,28.0,10.0,155527.57,32,15552.757000000001,0.30303030303030304
71017,LA,1.0,1.0,1.0,114.94,35,114.94,1.0
71018,LA,18.0,16.0,5.0,21113.22,68,4222.644,0.2777777777777778
71019,LA,172.0,135.0,53.0,263755.91,103,4976.526603773585,0.3081395348837209
71021,LA,3.0,3.0,1.0,4728.42,69,4728.42,0.3333333333333333
71022,LA,1.0,1.0,1.0,4358.0,35,4358.0,1.0
71023,LA,290.0,217.0,142.0,1512308.56,68,10650.060281690141,0.4896551724137931
71024,LA,45.0,44.0,15.0,40907.380000000005,66,2727.158666666667,0.3333333333333333
71025,LA,1.0,1.0,1.0,800.0,35,800.0,1.0
71026,LA,2.0,2.0,2.0,12475.3,81,6237.65,1.0
71027,LA,46.0,42.0,12.0,38464.48,65,3205.3733333333334,0.2608695652173913
71028,LA,88.0,82.0,16.0,66684.28,113,4167.7675,0.18181818181818182
71029,LA,6.0,5.0,4.0,19929.45,33,4982.3625,0.6666666666666666
71030,LA,58.0,55.0,21.0,68972.43000000001,111,3284.401428571429,0.3620689655172414
71031,LA,148.0,87.0,39.0,253066.5,68,6488.884615384615,0.2635135135135135
71032,LA,67.0,58.0,21.0,65345.85,199,3111.7071428571426,0.31343283582089554
71033,LA,77.0,62.0,17.0,64548.369999999995,79,3796.9629411764704,0.22077922077922077
71034,LA,3.0,3.0,1.0,3709.13,75,3709.13,0.3333333333333333
71037,LA,403.0,355.0,169.0,933878.5700000001,145,5525.908698224853,0.41935483870967744
71038,LA,51.0,49.0,13.0,39641.86,32,3049.373846153846,0.2549019607843137
71039,LA,106.0,92.0,39.0,238348.22,103,6111.492820512821,0.36792452830188677
71040,LA,383.0,310.0,101.0,586398.88,32,5805.929504950495,0.26370757180156656
71043,LA,10.0,9.0,2.0,4637.65,33,2318.825,0.2
71044,LA,6.0,5.0,3.0,2932.1800000000003,33,977.3933333333334,0.5
71045,LA,51.0,41.0,35.0,375243.67,76,10721.247714285713,0.6862745098039216
71046,LA,23.0,20.0,8.0,30351.63,109,3793.95375,0.34782608695652173
71047,LA,277.0,240.0,103.0,482256.91000000003,70,4682.105922330097,0.37184115523465705
71048,LA,8.0,8.0,3.0,9817.84,32,3272.6133333333332,0.375
71049,LA,90.0,78.0,38.0,126478.69,70,3328.3865789473684,0.4222222222222222
71050,LA,1.0,1.0,1.0,4990.42,30,4990.42,1.0
71051,LA,218.0,181.0,112.0,894228.8200000001,34,7984.185892857144,0.5137614678899083
71052,LA,636.0,583.0,243.0,767087.1299999999,199,3156.7371604938267,0.38207547169811323
71055,LA,605.0,524.0,161.0,701030.74,245,4354.2281987577635,0.26611570247933886
71060,LA,95.0,68.0,34.0,245375.0,79,7216.911764705882,0.35789473684210527
71061,LA,116.0,97.0,61.0,463076.56,70,7591.419016393443,0.5258620689655172
71063,LA,21.0,20.0,8.0,23259.28,30,2907.41,0.38095238095238093
71064,LA,64.0,56.0,17.0,84681.61,34,4981.271176470588,0.265625
71065,LA,181.0,146.0,58.0,90561.47,116,1561.4046551724139,0.32044198895027626
71066,LA,8.0,6.0,3.0,2630.86,69,876.9533333333334,0.375
71067,LA,51.0,45.0,20.0,97992.69,68,4899.6345,0.39215686274509803
71068,LA,203.0,164.0,58.0,454626.54,95,7838.388620689655,0.2857142857142857
71069,LA,10.0,7.0,2.0,3395.65,33,1697.825,0.2
71070,LA,95.0,68.0,35.0,250249.88,142,7149.996571428572,0.3684210526315789
71071,LA,32.0,29.0,7.0,39903.44,68,5700.4914285714285,0.21875
71072,LA,7.0,4.0,1.0,1168.0,34,1168.0,0.14285714285714285
71073,LA,153.0,136.0,64.0,562459.34,34,8788.4271875,0.41830065359477125
71075,LA,36.0,32.0,14.0,67374.25,100,4812.446428571428,0.3888888888888889
71078,LA,85.0,72.0,28.0,268222.06,64,9579.359285714285,0.32941176470588235
71079,LA,9.0,7.0,1.0,2870.85,32,2870.85,0.1111111111111111
71082,LA,120.0,104.0,49.0,284076.83,33,5797.486326530612,0.4083333333333333
71101,LA,614.0,555.0,236.0,1046669.1,265,4435.0385593220335,0.38436482084690554
71103,LA,948.0,865.0,449.0,2264210.14,132,5042.7842761692655,0.47362869198312235
71104,LA,494.0,428.0,124.0,414197.49,229,3340.3023387096773,0.25101214574898784
71105,LA,339.0,270.0,78.0,416804.79,179,5343.651153846154,0.23008849557522124
71106,LA,1375.0,1225.0,407.0,1232160.1099999999,228,3027.4204176904173,0.296
71107,LA,1449.0,1262.0,503.0,1964489.81,214,3905.5463419483103,0.347135955831608
71108,LA,1694.0,1512.0,527.0,1615997.04,186,3066.408045540797,0.31109799291617474
71109,LA,1742.0,1524.0,586.0,1866162.98,301,3184.5784641638224,0.33639494833524686
71110,LA,3.0,3.0,1.0,9000.0,67,9000.0,0.3333333333333333
71111,LA,569.0,462.0,146.0,565480.79,211,3873.156095890411,0.2565905096660808
71112,LA,773.0,674.0,292.0,1521641.4,101,5211.100684931506,0.3777490297542044
71115,LA,313.0,264.0,113.0,707739.36,288,6263.18017699115,0.3610223642172524
71118,LA,1041.0,832.0,246.0,932288.69,241,3789.7914227642273,0.23631123919308358
71119,LA,538.0,451.0,149.0,574301.69,33,3854.373758389261,0.27695167286245354
71129,LA,474.0,404.0,119.0,397037.19,182,3336.446974789916,0.2510548523206751
71142,LA,1.0,1.0,1.0,12987.55,40,12987.55,1.0
71148,LA,1.0,1.0,1.0,3504.1,35,3504.1,1.0
71149,LA,2.0,2.0,1.0,2823.29,31,2823.29,0.5
71160,LA,1.0,1.0,1.0,4856.24,35,4856.24,1.0
71201,LA,2812.0,2316.0,1027.0,4717365.62,322,4593.3452969815,0.36522048364153625
71202,LA,8638.0,7580.0,3844.0,18640125.740000002,406,4849.148215400625,0.44501041907849037
71203,LA,6124.0,4930.0,2155.0,10037218.84,420,4657.64215313225,0.35189418680600915
71210,LA,2.0,1.0,1.0,3767.21,87,3767.21,0.5
71218,LA,5.0,4.0,3.0,5724.71,33,1908.2366666666667,0.6
71219,LA,66.0,61.0,30.0,167063.99,118,5568.799666666667,0.45454545454545453
71220,LA,3139.0,2776.0,1020.0,4819142.49,275,4724.6495,0.3249442497610704
71222,LA,411.0,250.0,115.0,687567.0599999999,65,5978.843999999999,0.2798053527980535
71223,LA,134.0,116.0,57.0,258984.57,32,4543.588947368421,0.4253731343283582
71224,LA,1.0,1.0,1.0,1130.0,33,1130.0,1.0
71225,LA,452.0,316.0,80.0,213234.37000000002,144,2665.429625,0.17699115044247787
71226,LA,171.0,115.0,40.0,109249.92,24,2731.248,0.23391812865497075
71227,LA,241.0,149.0,54.0,132311.06,141,2450.2048148148147,0.22406639004149378
71229,LA,166.0,140.0,51.0,198899.93000000002,73,3899.9986274509806,0.3072289156626506
71230,LA,4.0,3.0,3.0,26364.46,39,8788.153333333334,0.75
71231,LA,1.0,1.0,1.0,4358.0,46,4358.0,1.0
71232,LA,230.0,200.0,56.0,259519.06,146,4634.268928571429,0.24347826086956523
71234,LA,526.0,281.0,94.0,280801.1,106,2987.2457446808507,0.17870722433460076
71235,LA,186.0,123.0,45.0,94215.92000000001,102,2093.6871111111113,0.24193548387096775
71237,LA,103.0,99.0,44.0,231030.71,107,5250.697954545454,0.42718446601941745
71238,LA,211.0,140.0,46.0,138447.38999999998,65,3009.725869565217,0.21800947867298578
71240,LA,1.0,1.0,1.0,1675.9,41,1675.9,1.0
71241,LA,1201.0,815.0,347.0,1659059.44,242,4781.151123919308,0.28892589508742716
71242,LA,3.0,3.0,2.0,4568.1,69,2284.05,0.6666666666666666
71243,LA,19.0,15.0,7.0,7069.99,39,1009.9985714285714,0.3684210526315789
71245,LA,325.0,212.0,50.0,112259.07999999999,78,2245.1816,0.15384615384615385
71247,LA,84.0,56.0,12.0,54605.16,24,4550.43,0.14285714285714285
71249,LA,2.0,2.0,1.0,669.27,39,669.27,0.5
71250,LA,33.0,27.0,18.0,57694.07,32,3205.226111111111,0.5454545454545454
71251,LA,817.0,570.0,173.0,440028.32,229,2543.5163005780346,0.211750305997552
71254,LA,1222.0,1166.0,508.0,1821301.86,146,3585.239881889764,0.4157119476268412
71256,LA,59.0,44.0,20.0,94883.53,33,4744.1765,0.3389830508474576
71259,LA,106.0,94.0,52.0,255038.8,65,4904.592307692307,0.49056603773584906
71260,LA,277.0,208.0,94.0,391402.99,115,4163.861595744681,0.33935018050541516
71261,LA,431.0,379.0,219.0,1436555.1099999999,32,6559.612374429224,0.5081206496519721
71263,LA,697.0,600.0,285.0,1235578.3,60,4335.362456140351,0.40889526542324245
71264,LA,122.0,112.0,60.0,291629.36,126,4860.489333333333,0.4918032786885246
71266,LA,245.0,235.0,125.0,604092.8,57,4832.7424,0.5102040816326531
71268,LA,234.0,168.0,81.0,121045.68,56,1494.391111111111,0.34615384615384615
71269,LA,1903.0,1695.0,808.0,3928051.4699999997,148,4861.449839108911,0.42459274829217025
71270,LA,2050.0,1418.0,356.0,1218928.58,324,3423.956685393259,0.17365853658536584
71275,LA,122.0,86.0,26.0,62210.0,102,2392.6923076923076,0.21311475409836064
71276,LA,30.0,28.0,10.0,21883.77,29,2188.377,0.3333333333333333
71277,LA,138.0,81.0,33.0,77148.85,33,2337.8439393939398,0.2391304347826087
71279,LA,18.0,16.0,5.0,41431.27,33,8286.253999999999,0.2777777777777778
71280,LA,344.0,274.0,98.0,514440.61,146,5249.393979591837,0.28488372093023256
71282,LA,490.0,456.0,167.0,398426.27999999997,87,2385.786107784431,0.3408163265306122
71286,LA,27.0,23.0,10.0,64966.94,57,6496.694,0.37037037037037035
71291,LA,2466.0,1952.0,850.0,4705819.37,222,5536.2580823529415,0.3446877534468775
71292,LA,2023.0,1597.0,524.0,1740392.9200000002,302,3321.3605343511454,0.25902125556104794
71295,LA,1532.0,1370.0,778.0,4171727.17,283,5362.117185089975,0.5078328981723238
71301,LA,7396.0,6387.0,1975.0,7790200.8100000005,400,3944.4054734177216,0.26703623580313685
71302,LA,6133.0,5428.0,1648.0,5905620.9799999995,411,3583.5078762135918,0.26871025599217346
71303,LA,26778.0,21760.0,897.0,2643311.09,758,2946.835105908584,0.03349764732242886
71309,LA,2.0,1.0,1.0,1639.0,46,1639.0,0.5
71316,LA,6.0,4.0,2.0,10469.23,81,5234.615,0.3333333333333333
71320,LA,19.0,17.0,6.0,22771.019999999997,39,3795.1699999999996,0.3157894736842105
71322,LA,848.0,757.0,190.0,535490.75,152,2818.3723684210527,0.2240566037735849
71323,LA,132.0,111.0,37.0,88383.13,39,2388.7332432432436,0.2803030303030303
71324,LA,3.0,3.0,3.0,29941.51,39,9980.503333333332,1.0
71325,LA,280.0,249.0,107.0,332604.64,79,3108.4545794392525,0.3821428571428571
71326,LA,156.0,142.0,66.0,182424.68000000002,77,2764.0103030303035,0.4230769230769231
71327,LA,478.0,436.0,108.0,231770.91,74,2146.0269444444443,0.22594142259414227
71328,LA,1054.0,783.0,233.0,902970.5199999999,230,3875.4099570815447,0.22106261859582543
71329,LA,12.0,10.0,5.0,9606.58,82,1921.316,0.4166666666666667
71330,LA,24.0,21.0,4.0,27263.76,46,6815.94,0.16666666666666666
71331,LA,109.0,101.0,36.0,165128.29,127,4586.896944444445,0.3302752293577982
71333,LA,96.0,87.0,19.0,74032.61,39,3896.4531578947367,0.19791666666666666
71334,LA,966.0,900.0,414.0,1213270.96,118,2930.606183574879,0.42857142857142855
71336,LA,131.0,120.0,44.0,207084.71,39,4706.470681818181,0.33587786259541985
71339,LA,28.0,23.0,6.0,13706.05,39,2284.3416666666667,0.21428571428571427
71340,LA,114.0,98.0,46.0,199286.49,42,4332.315,0.40350877192982454
71341,LA,335.0,308.0,89.0,240282.01,39,2699.7978651685394,0.2656716417910448
71342,LA,1068.0,862.0,440.0,537032.1,117,1220.5275,0.41198501872659177
71343,LA,868.0,759.0,350.0,1611016.4600000002,270,4602.904171428572,0.4032258064516129
71345,LA,81.0,76.0,27.0,50703.58,43,1877.9103703703704,0.3333333333333333
71346,LA,693.0,599.0,234.0,925993.06,46,3957.2352991452995,0.33766233766233766
71350,LA,741.0,660.0,216.0,523964.78,39,2425.7628703703704,0.291497975708502
71351,LA,1697.0,1518.0,544.0,1708990.04,207,3141.5258088235296,0.3205657041838539
71353,LA,1260.0,1182.0,575.0,1834640.3,43,3190.6787826086957,0.45634920634920634
71354,LA,68.0,59.0,26.0,82554.27,78,3175.164230769231,0.38235294117647056
71355,LA,377.0,327.0,94.0,248150.95,129,2639.9037234042553,0.2493368700265252
71356,LA,214.0,193.0,75.0,190645.54,177,2541.9405333333334,0.35046728971962615
71357,LA,40.0,31.0,14.0,25466.47,26,1819.0335714285716,0.35
71358,LA,544.0,510.0,223.0,601569.42,129,2697.6207174887895,0.4099264705882353
71360,LA,6675.0,5084.0,1567.0,4725503.52,543,3015.6372176132736,0.23475655430711612
71362,LA,209.0,179.0,42.0,87090.87,166,2073.592142857143,0.20095693779904306
71365,LA,2.0,2.0,1.0,9349.73,85,9349.73,0.5
71366,LA,107.0,97.0,39.0,92779.26,26,2378.9553846153844,0.3644859813084112
71367,LA,285.0,244.0,73.0,217047.03,161,2973.24698630137,0.256140350877193
71368,LA,177.0,161.0,71.0,273217.35000000003,77,3848.1316901408454,0.4011299435028249
71369,LA,571.0,520.0,187.0,440573.9,83,2356.0101604278075,0.3274956217162872
71371,LA,335.0,276.0,149.0,432014.76,36,2899.427919463087,0.44477611940298506
71373,LA,332.0,293.0,99.0,260113.7,73,2627.411111111111,0.29819277108433734
71375,LA,137.0,130.0,59.0,169261.24,26,2868.8345762711865,0.4306569343065693
71377,LA,3.0,3.0,1.0,2974.77,35,2974.77,0.3333333333333333
71378,LA,205.0,178.0,82.0,597198.06,39,7282.903170731708,0.4
71401,LA,11.0,6.0,2.0,7989.46,88,3994.73,0.18181818181818182
71403,LA,2557.0,2080.0,1099.0,3315159.36,195,3016.5235304822563,0.42980054751662106
71404,LA,186.0,151.0,57.0,228799.34999999998,64,4014.023684210526,0.3064516129032258
71405,LA,974.0,740.0,228.0,465310.84,46,2040.8370175438597,0.23408624229979466
71406,LA,60.0,39.0,16.0,36627.310000000005,31,2289.2068750000003,0.26666666666666666
71407,LA,168.0,130.0,56.0,144989.84999999998,68,2589.1044642857137,0.3333333333333333
71409,LA,1621.0,1355.0,446.0,1308053.76,213,2932.8559641255606,0.27513880320789635
71410,LA,31.0,25.0,8.0,29203.26,29,3650.4075,0.25806451612903225
71411,LA,553.0,394.0,179.0,1390284.38,109,7766.951843575418,0.32368896925858953
71414,LA,36.0,25.0,16.0,45261.590000000004,74,2828.8493750000002,0.4444444444444444
71415,LA,28.0,26.0,11.0,12281.25,35,1116.4772727272727,0.39285714285714285
71416,LA,219.0,178.0,73.0,266071.45999999996,39,3644.8145205479445,0.3333333333333333
71417,LA,1675.0,1433.0,615.0,2606591.0100000002,120,4238.359365853659,0.36716417910447763
71418,LA,767.0,605.0,377.0,1052735.6099999999,187,2792.4021485411135,0.4915254237288136
71419,LA,349.0,266.0,101.0,197366.41,77,1954.1228712871286,0.28939828080229224
71422,LA,200.0,150.0,57.0,176004.91999999998,75,3087.8056140350873,0.285
71423,LA,1103.0,862.0,343.0,1296725.18,130,3780.539883381924,0.3109700815956482
71424,LA,311.0,249.0,74.0,248554.09,126,3358.839054054054,0.2379421221864952
71425,LA,24.0,20.0,10.0,13307.83,42,1330.783,0.4166666666666667
71426,LA,53.0,44.0,17.0,30665.26,31,1803.8388235294117,0.32075471698113206
71427,LA,85.0,73.0,34.0,102900.43999999999,85,3026.4835294117643,0.4
71429,LA,1525.0,1180.0,514.0,1062332.51,145,2066.794766536965,0.33704918032786885
71430,LA,371.0,291.0,85.0,229850.34,83,2704.1216470588233,0.22911051212938005
71432,LA,244.0,169.0,73.0,367668.91000000003,110,5036.560410958905,0.29918032786885246
71433,LA,1107.0,917.0,340.0,1131386.66,161,3327.6078235294117,0.3071364046973803
71434,LA,14.0,10.0,6.0,21713.55,115,3618.9249999999997,0.42857142857142855
71435,LA,77.0,67.0,23.0,157798.82,64,6860.818260869565,0.2987012987012987
71438,LA,555.0,457.0,175.0,425834.75,189,2433.3414285714284,0.3153153153153153
71439,LA,932.0,730.0,347.0,759237.11,105,2188.0031988472624,0.3723175965665236
71440,LA,13.0,11.0,3.0,7168.95,69,2389.65,0.23076923076923078
71441,LA,22.0,15.0,6.0,28915.63,71,4819.2716666666665,0.2727272727272727
71444,LA,10.0,9.0,5.0,7997.41,34,1599.482,0.5
71445,LA,2.0,2.0,2.0,2791.4,34,1395.7,1.0
71446,LA,13571.0,10897.0,4953.0,11040695.430000002,547,2229.092556026651,0.3649694200869501
71447,LA,420.0,343.0,136.0,572097.83,119,4206.60169117647,0.3238095238095238
71448,LA,5.0,4.0,1.0,17586.75,46,17586.75,0.2
71449,LA,3091.0,2358.0,1034.0,2122850.74,144,2053.0471373307546,0.33451957295373663
71450,LA,105.0,77.0,31.0,61483.42,108,1983.336129032258,0.29523809523809524
71452,LA,12.0,9.0,3.0,2568.07,39,856.0233333333334,0.25
71454,LA,593.0,484.0,177.0,743233.2499999999,173,4199.057909604519,0.2984822934232715
71455,LA,50.0,40.0,10.0,28538.71,85,2853.871,0.2
71456,LA,248.0,202.0,79.0,241802.07,73,3060.7856962025317,0.3185483870967742
71457,LA,4545.0,3467.0,1132.0,3731297.29,323,3296.199019434629,0.24906490649064905
71459,LA,2370.0,1500.0,345.0,394159.65,210,1142.4917391304348,0.14556962025316456
71460,LA,23.0,19.0,9.0,19170.92,31,2130.102222222222,0.391304347826087
71461,LA,1550.0,1196.0,463.0,801051.1199999999,160,1730.1320086393087,0.29870967741935484
71462,LA,530.0,396.0,179.0,348558.55,31,1947.2544692737429,0.33773584905660375
71463,LA,5797.0,4824.0,2118.0,5786041.33,240,2731.841987724268,0.3653613938243919
71464,LA,1.0,1.0,1.0,2000.0,34,2000.0,1.0
71465,LA,486.0,392.0,212.0,369114.88,135,1741.107924528302,0.43621399176954734
71466,LA,121.0,97.0,32.0,138458.58000000002,80,4326.8306250000005,0.2644628099173554
71467,LA,1151.0,879.0,349.0,1405537.8099999998,197,4027.328968481375,0.3032145960034752
71468,LA,77.0,48.0,31.0,62023.64,70,2000.7625806451613,0.4025974025974026
71469,LA,508.0,344.0,136.0,258794.91000000003,148,1902.9037500000002,0.2677165354330709
71471,LA,35.0,32.0,8.0,21946.530000000002,29,2743.3162500000003,0.22857142857142856
71472,LA,84.0,71.0,32.0,144726.06999999998,80,4522.689687499999,0.38095238095238093
71473,LA,69.0,57.0,24.0,88615.1,29,3692.2958333333336,0.34782608695652173
71474,LA,271.0,231.0,111.0,169297.91,34,1525.2063963963965,0.4095940959409594
71475,LA,75.0,68.0,36.0,63115.78,34,1753.216111111111,0.48
71477,LA,7.0,4.0,2.0,3634.88,46,1817.44,0.2857142857142857
71479,LA,141.0,112.0,47.0,204434.03,65,4349.660212765957,0.3333333333333333
71480,LA,48.0,38.0,16.0,25017.100000000002,36,1563.5687500000001,0.3333333333333333
71483,LA,2062.0,1625.0,636.0,2514149.1399999997,66,3953.064685534591,0.3084384093113482
71485,LA,437.0,371.0,147.0,529293.96,46,3600.6391836734692,0.33638443935926776
71486,LA,1612.0,1240.0,511.0,983675.36,192,1925.0007045009784,0.31699751861042186
71496,LA,29.0,26.0,10.0,20889.59,34,2088.959,0.3448275862068966
71611,LA,1.0,1.0,1.0,449.0,40,449.0,1.0
71917,LA,1.0,1.0,1.0,2000.0,35,2000.0,1.0
72011,LA,1.0,1.0,1.0,800.0,35,800.0,1.0
72107,LA,1.0,1.0,1.0,1561.0,35,1561.0,1.0
72130,LA,1.0,1.0,1.0,4358.0,35,4358.0,1.0
72272,LA,1.0,1.0,1.0,500.0,46,500.0,1.0
73002,LA,1.0,1.0,1.0,4358.0,46,4358.0,1.0
73007,LA,1.0,1.0,1.0,2000.0,41,2000.0,1.0
73024,LA,1.0,1.0,1.0,2000.0,50,2000.0,1.0
73126,LA,1.0,1.0,1.0,6547.76,35,6547.76,1.0
73613,LA,1.0,1.0,1.0,2000.0,46,2000.0,1.0
74011,LA,1.0,1.0,1.0,214.7,45,214.7,1.0
74033,LA,1.0,1.0,1.0,500.0,46,500.0,1.0
74058,LA,1.0,1.0,1.0,1600.0,46,1600.0,1.0
74070,LA,1.0,1.0,1.0,500.0,49,500.0,1.0
74114,LA,1.0,1.0,1.0,4358.0,35,4358.0,1.0
74180,LA,1.0,1.0,1.0,2613.79,36,2613.79,1.0
75213,LA,1.0,1.0,1.0,2000.0,40,2000.0,1.0
75605,LA,1.0,1.0,1.0,11743.51,41,11743.51,1.0
76067,LA,1.0,1.0,1.0,890.0,40,890.0,1.0
76460,LA,1.0,1.0,1.0,4358.0,46,4358.0,1.0
76577,LA,1.0,1.0,1.0,833.0,43,833.0,1.0
76601,LA,1.0,1.0,1.0,2000.0,40,2000.0,1.0
77014,LA,1.0,1.0,1.0,1561.0,35,1561.0,1.0
77026,LA,1.0,1.0,1.0,30643.96,49,30643.96,1.0
77032,LA,1.0,1.0,1.0,2358.0,44,2358.0,1.0
77042,LA,1.0,1.0,1.0,2094.71,38,2094.71,1.0
77044,LA,1.0,1.0,1.0,329.99,41,329.99,1.0
77050,LA,1.0,1.0,1.0,4358.0,41,4358.0,1.0
77053,LA,1.0,1.0,1.0,4358.0,46,4358.0,1.0
77056,LA,2.0,2.0,1.0,1561.0,46,1561.0,0.5
77058,LA,5.0,3.0,2.0,13970.38,81,6985.19,0.4
77065,LA,3.0,3.0,1.0,4358.0,46,4358.0,0.3333333333333333
77070,LA,1.0,1.0,1.0,2791.4,48,2791.4,1.0
77072,LA,1.0,1.0,1.0,9000.0,49,9000.0,1.0
77075,LA,2.0,2.0,1.0,169.99,41,169.99,0.5
77078,LA,1.0,1.0,1.0,2000.0,63,2000.0,1.0
77094,LA,7.0,6.0,5.0,25274.7,46,5054.9400000000005,0.7142857142857143
77095,LA,1.0,1.0,1.0,840.0,37,840.0,1.0
77100,LA,1.0,1.0,1.0,4358.0,46,4358.0,1.0
77111,LA,1.0,1.0,1.0,2000.0,46,2000.0,1.0
77117,LA,1.0,1.0,1.0,2000.0,35,2000.0,1.0
77130,LA,2.0,2.0,2.0,6358.0,86,3179.0,1.0
77140,LA,1.0,1.0,1.0,2000.0,40,2000.0,1.0
77258,LA,1.0,1.0,1.0,2000.0,40,2000.0,1.0
77501,LA,1.0,1.0,1.0,2000.0,40,2000.0,1.0
77543,LA,1.0,1.0,1.0,2000.0,35,2000.0,1.0
77605,LA,1.0,1.0,1.0,2000.0,40,2000.0,1.0
78010,LA,2.0,2.0,2.0,1000.0,44,500.0,1.0
78011,LA,1.0,1.0,1.0,500.0,44,500.0,1.0
78012,LA,1.0,1.0,1.0,19122.83,44,19122.83,1.0
78016,LA,2.0,2.0,2.0,2013.0,44,1006.5,1.0
78017,LA,1.0,1.0,1.0,2112.0,44,2112.0,1.0
78020,LA,1.0,1.0,1.0,500.0,44,500.0,1.0
78119,LA,1.0,1.0,1.0,2211.29,35,2211.29,1.0
78301,LA,2.0,2.0,1.0,2185.96,50,2185.96,0.5
78805,LA,1.0,1.0,1.0,500.0,44,500.0,1.0
79045,LA,1.0,1.0,1.0,2000.0,41,2000.0,1.0
79360,LA,1.0,1.0,1.0,500.0,49,500.0,1.0
79422,LA,1.0,1.0,1.0,2000.0,45,2000.0,1.0
79435,LA,1.0,1.0,1.0,2000.0,40,2000.0,1.0
79445,LA,1.0,1.0,1.0,11373.63,46,11373.63,1.0
79454,LA,1.0,1.0,1.0,1005.74,45,1005.74,1.0
79523,LA,1.0,1.0,1.0,1767.08,45,1767.08,1.0
79586,LA,1.0,1.0,1.0,318.96,33,318.96,1.0
79805,LA,1.0,1.0,1.0,1824.04,44,1824.04,1.0
79814,LA,1.0,1.0,1.0,3225.27,44,3225.27,1.0
79909,LA,1.0,1.0,1.0,500.0,41,500.0,1.0
80114,LA,2.0,1.0,1.0,2000.0,76,2000.0,0.5
87081,LA,1.0,1.0,1.0,5933.17,44,5933.17,1.0
90015,LA,2.0,2.0,1.0,2445.0,86,2445.0,0.5
90056,LA,1.0,1.0,1.0,9754.24,46,9754.24,1.0
90128,LA,1.0,1.0,1.0,11377.76,35,11377.76,1.0
90131,LA,1.0,1.0,1.0,4358.0,35,4358.0,1.0
90395,LA,1.0,1.0,1.0,500.0,49,500.0,1.0
93476,LA,1.0,1.0,1.0,800.0,44,800.0,1.0
98525,LA,1.0,1.0,1.0,13598.22,50,13598.22,1.0
